ResultName,Loinccode
% Free PSA,3024-7
"1,25(OH)2D3 SerPl-mCnc",1649-3
"ALPHA-2-GLOBULIN, U",13993-1
HGB,4544-3
Hgb A MFr Bld,4546-8
HGB A1C,4548-4
"HGB A1C, Point of Care",4548-4
"HGB A1C, Point of Care, Age < 65",4548-4
"HGB A1C, Point of Care, Age 65 and older",4548-4
Hgb A2,4552-6
Hgb A2 MFr Bld,4551-8
Hgb Bld-mCnc,718-7
Hgb F MFr Bld,4576-5
ALPHA-2-GLOBULINS,2868-8
Hgb Fract Bld-Imp,12710-0
Hgb Solubility,6864-3
Hgb Ur Ql Strip,5794-3
HIGH SENSITIVITY CRP,30522-7
HIV 1 ANTIBODY,69668-2
"HIV 1,2 AG/AB,4TH GENERATION",56888-1
HIV 1/2 ANTIBODY,0360-8
HIV 1+2 Ab+HIV1 p24 Ag SerPl Ql IA,56888-1
HIV 2 ANTIBODY,69668-2
HIV Ab/p24 Ag Screen,56888-1
ALPHA-LACTALB (F76) IGE,7445-0
HIV Ag/Ab,56888-1
"HIV AG/AB, 4TH GEN",56888-1
HIV INTERPRETATION,80563-0
HIV Interpretation (ARUP),80563-0
HIV-1/HIV-2 Ag/Abs,56888-1
"HOMOCYSTEINE, SERUM",13965-9
HORSE DANDER (E3) IGE,7419-5
HOWELL-JOLLY BODIES,7793-3
HOWLL-JOLLY BODIES,7793-3
HPV Aptima,59420-0
ALT,2345-7
HPV Genotype 16,59263-4
"HPV Genotype 18,45",75694-0
HPV Genotype 18/45,75694-0
"HSV 1 IgG, Type Spec",5206-8
"HSV 1 IGG, TYPE SPECIFIC",5206-8
"HSV 2 IgG, Type Spec",5209-2
"HSV 2 IGG, TYPE SPECIFIC",5209-2
HSV TYPE 2 IGG,43180-9
HSV-1 DNA,16130-7
HSV1 IgG Ser IA-aCnc,5206-8
ALT (SGPT),1975-2
HSV-2 DNA,16131-5
HSV2 IgG Ser IA-aCnc,5209-2
HSV-2 IgG Supplemental Test,43180-9
HYALINE CAST,19774-9
HYALINE CASTS,49054-0
Hyaline Casts #/area UrnS LPF,5796-8
Hypochromasia,30400-6
HYPOCHROMIA,76069-4
"I006-IgE Cockroach, German",6078-0
IFE INTERPRETATION,80563-0
ALT (SGPT) P5P,1975-2
IgA,2458-8
"IGA, TOTAL",2458-8
IgE,19113-0
IgE SerPl-aCnc,19113-0
"IGE, SERUM/PLASMA",4544-3
IgG,14959-1
IgM,2472-9
"IGM, TOTAL",2472-9
Immature Cells,11539-8
Immature Granulocyte,71695-1
ALT (SPGT),1975-2
Immature Granulocyte %,71695-1
Immature Granulocytes,270053-2
"Immunofixation Result, Serum",14895-7
IMMUNOGLOBULIN A,2458-8
"Immunoglobulin A, Qn, Serum",2458-8
IMMUNOGLOBULIN G,2465-3
"Immunoglobulin G, Qn, Serum",2465-3
IMMUNOGLOBULIN M,2345-7
"Immunoglobulin M, Qn, Serum",2472-9
IMMUNOLOGICAL OCCULT BLOOD,57803-9
ALT SerPl-cCnc,1742-6
INFLUENZA A RNA,34487-9
INFLUENZA A RNA PCR,34487-9
"INFLUENZA A RNA, PCR",34487-9
Influenza A Virus RNA,82166-0
"INFLUENZA A VIRUS, RNA",82166-0
INFLUENZA B RNA,40982-1
INFLUENZA B RNA PCR,40982-1
"INFLUENZA B RNA, PCR",40982-1
Influenza B Virus RNA,40982-1
"INFLUENZA B VIRUS, RNA",40982-1
ALT(SGPT),1975-2
INR,3084-1
INR (Intl Normalized Ratio),3084-1
INR (Int'l Normalized Ratio),3084-1
INR PPP,6301-6
INSULIN,27873-9
INSULIN (83525),27873-9
Insulin SerPl-aCnc,20448-7
"INSULIN, FASTING",20448-7
INTACT PTH,2731-8
Interpretation Summary,105543-3
ALTER. TENUIS IGE(M6),1975-2
INTR.NORM.RATIO(INR),3024-7
IRON,2502-3
IRON % SATURATION,2502-3
Iron Bind.Cap.(TIBC),2500-7
"IRON BINDING CAPACITY,TOT",2500-7
Iron Satn MFr SerPl,2502-3
Iron SerPl-mCnc,2498-4
"Iron, % Sat.",2502-3
"IRON,SERUM",2501-5
IRREGULAR PLATELETS,33216-3
"1,25-Dihydroxyvitamin D",62290-2
ALTERNARIA [M6],7074-8
Jo-1 IgG,11565-9
"Kappa/Lambda Ratio,S",48378-4
KEPPRA LEVEL,30471-7
KETONE,57734-6
"KETONE, URINE",20405-7
Ketones,1974-5
Ketones Ur Ql Strip,2514-8
"Lacosamide, S/P (7)",59297-2
Lambs Quarters (Weed),0651-0
LAMB'S QUARTERS [W10],6155-6
Alternaria Tenuis Mold,6020-2
LAMOTRIGINE,6948-4
"Lamotrigine, Serum",6948-4
LARGE PLATELETS,48386-7
LARGE PLTS,32146-3
Large VLDL-P,59062-0
LD,2571-8
LDH,2532-0
LDL,24331-1
LDL,3024-7
LDL,11579-0
AMPHETAMINES,19270-8
LDL,24361-8
LDL,24321-2
LDL,2498-4
LDL,33914-3
LDL,18500-9
LDL,24356-8
LDL,24323-8
LDL,2857-1
LDL,6301-6
LDL,2157-6
"Amphetamines Screen, Urine",19261-7
LDL,4548-4
LDL  ,2089-1
"LDL  CHOLESTEROL,calc.",2571-8
LDL (CALCULATED),2571-8
LDL Calculated,24331-1
LDL calculated  ,2089-1
LDL CALCULATION,13457-7
LDL CHOL CALC,2571-8
LDL Chol Calc (NIH),2571-8
LDL Chol Calc (NIH),13457-7
Amphetamines Ur Ql,3349-8
LDL Chol Calc (NIH),24331-1
LDL chol calc (nih) ,13457-7
LDL chol calc (nih)  ,13457-7
LDL CHOL CALCULATED,2571-8
"LDL CHOL, CALCULATED",2571-8
LDL Chol. (Direct),18262-6
LDL Chol. (Direct),33914-3
LDL chol. (direct)  ,18262-6
LDL Cholesterol,43396-1
LDL CHOLESTEROL ,43396-1
"Amphetamines, Urine",19261-7
LDL CHOLESTEROL - CALC,2571-8
LDL CHOLESTEROL (CALC),2571-8
LDL Cholesterol (Calc),24322-0
LDL Cholesterol (Calc),24331-1
LDL Cholesterol (Calc),11579-0
LDL Cholesterol (Calc),3084-1
LDL cholesterol (calc)  ,2089-1
LDL Cholesterol (Calculation),13457-7
LDL cholesterol (calculation) ,2089-1
LDL cholesterol (calculation) ,13457-7
AMYLASE SERUM,3024-7
LDL cholesterol (calculation)  ,13457-7
LDL CHOLESTEROL CALC,2571-8
LDL Cholesterol Calc,33914-3
LDL Cholesterol Calc,13457-7
LDL Cholesterol Calc,24331-1
LDL cholesterol calc ,13457-7
LDL cholesterol calc  ,13457-7
LDL Cholesterol Calculation,13457-7
LDL Cholesterol Direct,18262-6
LDL CHOLESTEROL DIRECT (83721),18262-6
"Amylase, Serum",3024-7
LDL CHOLESTEROL(direct),18262-6
"LDL Cholesterol, Calc.",2571-8
"LDL CHOLESTEROL, DIR",2089-1
"LDL Cholesterol, Direct",2089-1
"LDL cholesterol, direct ",2089-1
"LDL cholesterol, direct  ",2089-1
"LDL CHOLESTEROL,CALC",2571-8
"LDL CHOLESTEROL,calc.",2571-8
LDL CHOLESTEROL-calc,24331-1
LDL Cholesterol-Calculated,2571-8
ANA,47383-5
LDL Cholesterol-Direct,18262-6
LDL CHOLESTEROL-DIRECT,24331-1
LDL CHOLESTEROL-DIRECT ,24331-1
LDL CHOLESTEROL-DIRECT (outside lab order),18262-6
LDL CHOLESTEROL-DIRECT (outside lab order) LA,18262-6
LDL DIRECT,18262-6
LDL DIRECT CHOLESTEROL,18262-6
LDL DIRECT MEASUREMENT,18262-6
LDL PARTICLE NUMBER,24331-1
LDL PARTICLE SIZE,59062-0
ANA PATTERN #1,13068-2
LDL Size,17782-4
LDL Size,24331-1
LDL Size,59062-0
"LDL, CHOLESTEROL- DIRECT",18262-6
"LDL, DIRECT",18262-6
"LDL, Direct",11579-0
"LDL, Direct",24331-1
LDL/HDL ratio  ,11054-4
LDL:HDL Ratio,24331-1
LDL-C,59062-0
17-HYDROXYPROGESTERONE,1668-3
ANA SCREEN,5048-4
LDL-C,13457-7
LDL-C (Calculated),24331-1
LDL-C (NIH Calc),59062-0
LDL-C Direct,13457-7
LDLc SerPl Calc-mCnc,13457-7
LDL-CHOL (CALC),2571-8
LDL-CHOLESTEROL,24361-8
LDL-cholesterol ,13457-7
"LDLCHOLESTEROL,calc.",2571-8
"LDLCHOLESTEROL,DIRECT",18262-6
ANA Screen(Symphony),42254-3
LDL-P,54434-6
LEAD,17052-2
LEAD (VENOUS),11579-0
Lead BldV-mCnc,77307-7
"LEAD, BLOOD (ADULT)",2857-1
"LEAD, BLOOD (CHILD)",77307-7
"LEAD,BLOOD",4544-3
LETTUCE [F215],6161-4
LEU*,789-8
Leucine Crystal,5798-4
"ANA SCREEN, IFA",42254-3
LEUKOCYTE ESTERASE,789-8
Leukocyte esterase Ur Ql Strip,5799-2
LEUKOCYTES,5821-4
"LEVETIRACETAM,SERUM",15067-2
LH,10501-5
LH#1 (Luteinizing Hormone),32328-7
"LH#1 (Luteinizing Hormone),S",32328-7
LH(LUTEINIZING HORMONE),10501-5
LHbA1c,4548-4
LIAISON SARS-CoV-2 TrimericS IgG,94563-4
ANA Ser Ql IF,42254-3
Lipase,3040-3
"LIPASE, SERUM",3040-3
LIPEMIC,46425-5
LIPID PANEL,4548-4
LIPOPROT. (LDL) DIRECT,18262-6
Lobster,6165-5
LOBSTER (F80) IGE,6165-5
LOBSTER [F80],6165-5
log10 HBV IU/mL,48398-2
London Plane IgE Qn,15285-0
ANA TITER,13068-2
London Plane IgE RAST Ql,30126-7
LUTENIZING HORMONE(LH),10501-5
Lyme IgG,22128-3
Lyme IgG Band 18,106272-8
Lyme IgG Band 23,116272-6
Lyme IgG Band 28,126272-4
Lyme IgG Band 30,136272-2
Lyme IgG Band 39,146272-0
Lyme IgG Band 41,156272-7
Lyme IgG Band 45,166272-5
ANA TITER #1,5048-4
Lyme IgG Band 58,176272-3
Lyme IgG Band 66,186272-1
Lyme IgG Band 93,196272-9
Lyme IgM,96427-0
Lyme Total Antibody CIA,83081-0
LYME TOTAL IGG/IGM,34148-7
Lyme WB IgG Band 18,106272-8
Lyme WB IgG Band 23,116272-6
Lyme WB IgG Band 28,126272-4
Lyme WB IgG Band 30,136272-2
ANA TITER (IFA),29953-7
Lyme WB IgG Band 39,146272-0
Lyme WB IgG Band 41,156272-7
Lyme WB IgG Band 45,166272-5
Lyme WB IgG Band 58,176272-3
Lyme WB IgG Band 66,186272-1
Lyme WB IgG Band 93,196272-9
LYMPHOCYTE,737-7
LYMPHOCYTES,26474-7
Lymphocytes # Bld Auto,731-0
LYMPHOCYTES %,777-3
ANISOCYTOSIS,30400-6
Lymphocytes%,777-3
Lymphocytes/leuk NFr Bld Auto,736-9
LYMPHS,1751-7
M SPIKE,2093-3
M TB IFN-g Bld-Imp,71773-6
M TB IFN-g CD4+ bckgrnd cor Bld-aCnc,64084-7
M TB IFN-g CD4+CD8+ bckgrnd cor Bld-aCnc,88517-8
M.tuberculosis (IFN-gamma),2345-7
M001-IgE Penicillium chrysogen,6212-5
M006-IgE Alternaria alternata,6020-2
ANTIBODY SCREEN,890-4
MACADAMIA NUT (RF345) IGE **,11183-1
MACROCYTOSIS,702-1
MAGNESIUM,19123-9
"MAGNESIUM, RBC",26746-8
Maple (Box Elder),7155-5
MAPLE (BOX ELDER) (T1) IGE,7155-5
"Maple Tree (T1), IgE",15285-0
Marijuana,3936-2
Marijuana Metabolite 20,19295-5
Marsh Elder,7484-9
ANTI-CCP,53027-9
MCH,736-9
MCH RBC Qn Auto,785-6
MCHC RBC Auto-mCnc,786-4
MCV,2345-7
MCV RBC Auto,787-2
Meadow Fescue,6169-7
MEAN PLASMA GLUCOSE,27353-2
"MEASLES AB (IGG), IMMUNE STATUS",35275-7
"Measles Antibodies, IgG",5244-9
MEASLES IGG,35275-7
17-OH Progesterone LCMS,1668-3
"Anti-CCP Ab, IgG/IgA",57093-7
MEASLES IGG ABS,35275-7
MEASLES IMMUNITY,35275-7
"MEASLES,MUMPS,RUBELL",6476-6
Megasphaera 1,69567-6
METAMYELOCYTE,740-1
Metaneph/Creat Ratio,13771-1
Metanephrine (3),103941-1
"Metanephrine, U,24hr",19049-6
"Metanephrine, Ur",19050-4
"Metanephrines, Total (3)",103943-7
Anti-Centromere B Antibodies,53982-5
METHADONE,3773-9
"Methadone Screen, Urine",19550-3
Method:,49549-9
Methods,105549-0
Methylmalonic Acid,13964-2
"MICROALB.,URINE, RANDOM",14957-5
Microalb/Creat Ratio,5802-4
MICROALBUMIN URINE,14957-5
Microalbumin Ur-mCnc,14957-5
"MICROALBUMIN, 24 HOUR UR",14956-7
Antichromatin Antibodies,51775-5
"Microalbumin, Urine",2345-7
"MICROALBUMIN,RANDOM",13955-0
"MICROALBUMIN,RANDOM URINE",13955-0
"MICROALBUMIN,URINE 24HR",14956-7
MICROALBUMIN/CREA RATIO,14957-5
MICROALBUMIN/CREAT R,14957-5
MICROALBUMIN/CREAT.RATIO,14957-5
MICROALBUMIN/CREATININ RATIO,14957-5
MICROALBUMIN/CREATININE RATIO,14957-5
MICROALBUMIN:CR RATIO,14957-5
Anti-DNA (DS) Ab Qn,5130-0
MICROCYTOSIS,741-9
Milk,6174-7
Milk IgE Qn,6174-7
Milk IgE RAST Ql,15846-9
"Milk, (F2) IgE",7258-7
Mitochondrial AB,17284-1
MITOCHONDRIAL AB SCREEN,14251-3
Mitogen IGNF bckgrd cor Bld-aCnc,71774-4
MITOGEN MINUS NIL,71774-4
MITOGEN- NIL VALUE,71774-4
ANTI-dsDNA,5130-0
Monocyte %,5905-5
Monocyte Abs,742-7
MONOCYTES,706-2
Monocytes # Bld Auto,742-7
MONOCYTES(ABSOLUTE),742-7
"MONOCYTES,%",11277-1
Monocytes/leuk NFr Bld Auto,5905-5
MONOS,5905-5
"Mountain Cedar (T6), IgE",6178-8
Mountain Juniper,6189-5
Anti-Endomysial Ab,39554-1
Mouse U. Protein,6041-8
Mouse Urine Prot IgE Qn,6181-2
Mouse Urine Prot IgE RAST Ql,15861-8
M-Spike,33358-3
"M-SPIKE, %",42483-8
Mt Juniper IgE Qn,6178-8
Mt Juniper IgE RAST Ql,15615-8
MUCOR RACEMOSUS,6182-0
MUCUS,2345-7
Mucus Threads,8247-9
"ANTI-ENDOMYSIAL AB.,",39554-1
Mugwort,2093-3
MUGWORT (W6) IGE,82-W6
"Mugwort (W6), IgE",6183-8
Mugwort IgE Qn,6183-8
Mugwort IgE RAST Ql,15863-4
MUMPS AB IGG,6476-6
"Mumps Abs, IgG",25418-5
"MUMPS ANTIBODIES,IGG",25418-5
MUMPS ANTIBODY IGG,25418-5
"MUMPS ANTIBODY,IgG",25418-5
Anti-Jo-1,11565-9
MUMPS IGG,6476-6
MUMPS IGG (86735),6476-6
MUMPS VIRUS Ab.(IgG),2093-3
Mycoplasma genitalium DNA,69935-5
Mycoplasma hominis,15388-2
MYCOPLASMA/UREAPLASMA,2523-9
MYELOCYTE,749-2
MYELOCYTES,783-1
MYELOPEROXIDASE AB,6969-0
MYELOPEROXIDASE ANTIBODY,6969-0
Anti-Mitochondrial  Ab,14236-4
MYELOPEROXIDASE AUTOANTIBODIES,6969-0
MYELOPEROXIDASE IgG Ab,6969-0
N gonorrhoea rRNA Spec Ql NAA+probe,43305-2
N.gonorrhoeae rRNA URN,60256-5
"NEISSERIA GONORRHOEAE RNA, TMA, UROGENITAL",20507-0
"NEISSERIA GONORRHOEAE RNA,TMA(87591)",20507-0
NEISSERIA GONORRHOEAE rRNA SWAB,43305-2
NEISSERIA GONORRHOEAE rRNA THINPREP,50388-8
"Neisseria gonorrhoeae, NAA",43305-2
Nettle,6186-1
ANTI-MULLERIAN (AMH),38476-8
NETTLE (W20) IGE,6186-1
Neutrophil,770-8
Neutrophil %,770-8
Neutrophil Abs,751-8
Neutrophils # Bld Auto,751-8
NEUTROPHILS %,26511-6
Neutrophils/leuk NFr Bld Auto,770-8
Nitrite Ur Ql Strip,5802-4
Nitrite Urine,50558-6
"Nitrite, Urine",50558-6
23 KD (IGG) BAND,9589-3
ANTI-MULLERIAN (AMH) (103),38476-8
"Nitrite,Urine",50558-6
NITRITES URINE,51487-7
"Nitrites, Urine",51487-7
NITRITEURINE,51487-7
NON HDL CHOLESTEROL,42254-3
NON-HDL CHOLESTEROL,13457-7
NonHDLc SerPl-mCnc,43396-1
"Norepinephrine, Ur",2667-4
"Norepinephrine,U,24h",2668-2
"Normetanephr.,U,24h",2671-6
ANTINUCLEAR ANTIBODIES RFX IFA,5048-4
Normetanephrine (3),103942-9
"Normetanephrine, Ur",21422-1
Note:,77202-0
NRBC,58413-6
NRBC %,58413-6
NTI for Aptima Urine,97766-9
NUCLEATED RED BLOOD CELLS,1517-2
"O+P TRICHROME, 1st Specimen",5574-9
"O+P, STOOL(1ST) SPEC",10704-5
OAK (T7) IGE,6244-8
"Antinuclear Antibodies, IFA",5048-4
Oak Tree,6109-3
"OAK, WHITE [T7]",6189-5
OAT [F7],6190-3
"OCCULT BLD, IMMUNOCHEM",29771-3
"OCCULT BLD, STOOL (1ST SPEC)",14563-1
"OCCULT BLD, STOOL (1ST)",14563-1
Occult Blood,2885-2
OCCULT BLOOD STOOL #1,14563-1
"Occult Blood, Fecal, IA",29771-3
"Occult Blood, Stool1",14563-1
"ANTINUCLEAR ANTIBODIES,IFA",5048-4
"OCCULT BLOOD,STOOL (1st specimen)",14563-1
OCCUPATIION/FACULTY OR STUDENT(NY),85658-3
ONION(F48)IGE,82-F48
"Opiate Screen, Urine",19295-5
OPIATES,2093-3
Opiates Ur Ql,3879-4
ORCHARD GRASS,6195-2
ORCHARD GRASS (g3),6195-2
ORCHARD GRASS (G3) IGE,6195-2
"Orchard Grass (G3), IgE",6195-2
Antiparietal Cell Antibody,8087-9
ORCHARD GRASS [G3],6195-2
Osmolality,2695-5
OVALOCYTES,774-0
OVOMUCOID (F233) IGE,7557-2
Ovomucoid IgE,6206-7
oxyCODONE Ur Ql,10998-3
"Oxycodone/Oxymorphone, Urine",58430-0
OYSTER (F290) IGE,7558-0
P notatum IgE Qn,6212-5
P notatum IgE RAST Ql,15924-4
Anti-Ro52,56549-9
"PARATHYROID HORMONE, INTACT",2731-8
"PARTIAL THROMBOPLASTIN TIME, ACTIVATED",6301-6
PATHOLOGIST,19139-5
PCP (PHENCYCLIDINE),3936-2
Peanut,6206-7
PEANUT (F13) IGE,6242-2
Peanut Ara (h1),6206-7
Peanut Ara (h2),6206-7
Peanut Ara (h3),6206-7
Peanut Ara (h6),3024-7
Anti-Ro60,63411-3
Peanut Ara (h8),6248-9
Peanut Ara (h9),6206-7
Peanut IgE Qn,6206-7
Peanut IgE RAST Ql,15917-8
"Peanut, (F13) IgE",6206-7
PECAN NUT (F201) IGE,6208-3
"Pecan Nut,IgE",6208-3
PENICILLIUM NOTATUM (M1),82-M1
PENICILLIUM NOTATUM (M1) IGE,6212-5
PENICILLUM NOTATUM [M1],6212-5
Antiscleroderma-70 Antibodies,27416-7
Perinuclear (P-ANCA),14278-6
pH,1974-5
pH Ur Strip,5803-2
PH URINE,4548-4
"pH, Urine",50560-2
Phencyclidine,19659-2
Phencyclidine (PCP),19141-1
"Phencyclidine Screen, Urine",3936-2
PHENCYCLIDINE(PCP),14959-1
PHOSPHATE (AS PHOSPHORUS),2777-1
ANTI-SMOOTH MUSCLE,2532-0
Phosphorus,6768-6
PISTACHIO (F203) IGE,7613-3
"Pistachio, IgE",7613-3
Platelet # Bld Auto,777-3
PLATELET CLUMPS,40741-1
PLATELET COUNT,30341-2
PLATELETS,777-3
Please Note:,77202-0
PLTS,14869-2
PMV Bld Rees-Ecker,776-5
ANTI-SSB,17791-5
POLYCHROMASIA,10378-8
POLYS,34999-3
PORK (F26) IGE,6219-0
PORK [F26],6219-0
Potassium SerPl-sCnc,2823-3
"Potassium, RBC",2824-1
"Potassium, Serum",2823-3
"POTASSIUM, URINE",2829-0
"POTASSIUM,PLASMA",2823-3
POTATO (F35) IGE,6220-8
23 KD (IGM) BAND,9589-3
ANTISTREPTOLYSIN O,5370-2
POTATO [F35],6220-8
PREGNANCY QUAL URINE,2106-3
Pregnancy Test- Urine,2112-1
"PREGNANCY TEST, URIN",2112-1
"Pregnancy Test, Urine",2112-1
PREGNANCY URINE,2112-1
"PREGNANCY, URINE",2112-1
PREGNANT?,82810-3
Progesterone,2839-9
Prolactin,2842-3
ANTI-STREPTOLYSIN O,5370-2
"PROLACTIN, SERUM",15432-8
PROMYELOCYTES,19774-9
Propoxyphene,19429-0
"Propoxyphene Screen, Urine",19429-0
PROSTATE SPECIFIC AG,35741-8
PROSTATE SPECIFIC ANTIGEN,2857-1
Prot SerPl-mCnc,2885-2
Prot Ur Ql Strip,20454-5
"PROT,24HR CALCULATED",2889-4
PROTEIN,2349-9
Antistreptolysin O Ab,5370-2
PROTEIN C ANTIGEN,27820-0
"PROTEIN S, TOTAL",27823-4
"PROTEIN, URINE",50561-0
"PROTEIN,TOTAL,URINE",2888-6
"PROTEIN,URINE",2345-7
"Protein,Urn.Timed/Rand",35663-4
Protein/Creat Ratio,2890-2
PROTEIN/CREATININE RATIO,34366-5
PROTEINASE 3 IGG,84-PR3
PROTHROMBIN TIME,5902-2
ANTITHYROGLOBULIN AB,8098-6
"PROTHROMBIN TIME, PT",5902-2
PROTIME,6301-6
PSA,2857-1
PSA (Roche Cobas e),2857-1
PSA FREE/TOTAL,2857-1
PSA Screen,2857-1
PSA SerPl-mCnc,2857-1
PSA Total,12841-3
"PSA, % FREE",15432-8
"PSA, FREE",2857-1
ANTI-THYROGLOBULIN AB,8098-6
"PSA, TOTAL",2857-1
"PSA,%,FREE",11277-1
PT,2085-9
"PTH, INTACT",6768-6
PTHrP (PTH-Related Peptide),15087-0
PTT,30341-2
QuantiFERON Mitogen Value,71772-8
QUANTIFERON PLUS,71773-6
"QUANTIFERON(R)-TB GOLD PLUS, 1 TUBE",71773-6
RABBIT EPITH (E82) IGE,6223-2
ANTI-TPO Ab,32786-6
RAM,2161-8
RBC # Bld Auto,789-8
RBC #/area UrnS HPF,13945-1
RBC FOLATE,2283-0
"RBC, URINE",1535-4
"RBC,URINE",798-9
RDW,1598-2
RDW RBC Auto-Rto,788-0
RDWSD,24358-4
REAL-LDL SIZE PATTERN,2571-8
ANTI-TPO(AMA)AB,32786-6
REAL-LDL-C,2571-8
RED BLOOD CELL COUNT,786-4
RED BLOOD COUNT,789-8
REDUCED # OF PLATELETS,9317-9
Reducing Substances,11060-1
Ref Lab Test,30896-5
Ref Lab Test Name,19145-2
References 1,105550-8
REFLEX,58077-9
Reflex Criteria,48064-7
ANTI-TREPONEMAL ABS (IGG/IGM),63464-2
REFLEXIVE URINE CULTURE,6463-4
REMARKS,77202-0
REMNANT LIPO (IDL+VLDL3),2571-8
Renal Epithelial,26052-1
RENAL EPITHELIAL CELLS,26052-1
"Renin Activity, Plasma",2915-7
Report Footer,105552-4
Request Problem,75326-9
Respiratory Syncytial Virus RNA,40988-8
Result 2,6463-4
APOLIPOPROTEIN A1,1869-7
RESULT:,21689-5
ResultNameEncrypted,LOINCCode
"RETIC, %",48706-6
"RETIC, ABSOLUTE",60474-4
Reticulocyte Count,17849-1
"RETICULOCYTE COUNT, AUTOMATED",17849-1
"RETICULOCYTE, ABSOLUTE",14196-0
Reticulocytes,14196-0
RF IgM,11573-3
"RF, IgA by EIA (RDL)",33313-8
APOLIPOPROTEIN A-1,1869-7
"RF, IgG by EIA (RDL)",33314-6
"RF, IgM by EIA (RDL)",9338-5
RH,10331-7
Rh Bld,10331-7
Rh Factor,10331-7
RHEUMATOID (RF) TITER,17857-4
RICE [F9],6230-7
RISTOCETIN COFACTOR ACT.,4680-5
RNP,29958-6
RNP Antibodies,29374-6
25(OH)D3 SerPl-mCnc,1989-3
Appearance Ur,5767-9
RNP ANTIBODY,29374-6
Roach IgE Qn,6078-0
Roach IgE RAST Ql,15647-1
Rough Careless Pigweed,6060-8
"Rough Pigweed (W14), IgE",6233-1
RPR (DX) W/REFL TITER AND CONFIRMATORY TESTING,49054-0
RPR (MONITOR) W/REFL TITER,20507-0
RPR Ser Ql,20507-0
RPR SEROLOGY,20507-0
RPR Ser-Titr,31147-2
APPLE [F49],6021-0
RPR W/RFX TITER,20507-0
"RPR, Quant.",31147-2
RSV RNA,5877-6
"RSV RNA, PCR",5877-6
"RSV RNA, QUALITATIVE PCR",5877-6
"RSV, RNA",5877-6
"RUBELLA AB (IGG), IMMUNE STATUS",40667-8
"Rubella Antibodies, IgG",5334-8
RUBELLA IgG ABS,8014-3
RUBELLA IGG ANTIBODY,5334-8
APTT,14979-9
Rubella IgM,31616-6
RUBELLA TITER (IGM),0471-3
"RUBELLA,IgG",41763-4
RUBEOLA/MEASLES(IgG),46197-0
Salmon,6237-2
SALMON (F41) IGE,82-F41
Salmon IgE Qn,6237-2
Salmon IgE RAST Ql,16006-9
"SALMONELLA AND SHIGELLA, CULTURE",17563-8
SARS CoV-2 Interpretation,94500-6
aPTT PPP,14979-9
"SARS-CoV-2 Ab, Nucleocapsid",94762-2
SARS-CoV-2 Abs semi-quant,94769-7
"SARS-CoV-2 Antibody, IgM",94564-2
SARS-CoV-2 IgG SerPl IA-aCnc,94505-5
SARS-CoV-2 IgG SerPl Ql IA,94563-4
SARS-CoV-2 IgM SerPl Ql IA,94564-2
SARS-CoV-2 PCR,94500-6
SARS-CoV-2 RNA Resp Ql NAA+probe,94500-6
SARS-CoV-2 Semi-Quant IgG Ab,94505-5
SARS-CoV-2 Semi-Quant Total Ab,94769-7
Ara h 1 (f422),6206-7
SARS-CoV-2 Spike (S) Abs Interp.,2345-7
SARS-CoV-2 Spike Ab Dilution,94769-7
SARS-CoV-2 Spike Ab Interp,94661-6
"SARS-CoV-2, NAA 2 DAY TAT",99890-0
Scallop,13458-5
Scallop IgE Qn,7691-9
Scallop IgE RAST Ql,16011-9
"Scallop, (F338) IgE",7691-9
SCHISTOCYTE,800-3
SCHISTOCYTES,7791-7
Ara h 2 (f423),6206-7
SCL70,89502-9
SCREENING HgB A1c,4548-4
Seafood Mix,46712-6
SED RATE BY MODIFIED WESTERGREN,5778-6
SEDIMENTATION RATE,2160-0
Sedimentation Rate-Westergren,4537-7
SEGMENTED NEUTROPHIL,769-0
SEGMENTED NEUTROPHILS,30451-9
SELENIUM,5724-0
"SELENIUM,SER/PLASMA",5724-0
Ara h 3 (f424),6206-7
"SEROTONIN, SERUM",27057-9
Sesame Seed,6276-0
SESAME SEED (F10) IGE,6242-2
Sesame Seed IgE Qn,6242-2
Sesame Seed IgE RAST Ql,16014-3
"Sesame Seed, (F10) IgE",6242-2
SEX HORM.BIND.GLOB.,2942-1
SEX HORMONE BINDING,13967-5
SEX HORMONE BINDING GLOB,13967-5
SEX HORMONE BINDING GLOB.,13967-5
Ara h 8 (f352),6206-7
SEX HORMONE BINDING GLOBU,13967-5
Sex Hormone Binding Globulin,13967-5
Sex Hormone-binding Globulin,13967-5
SHBG,2942-1
Sheep Sorrel,6244-8
SHEEP SORREL (W18) IGE,82-W18
"Sheep Sorrel (W18), IgE",6244-8
Sheep Sorrel IgE Qn,6244-8
Sheep Sorrel IgE RAST Ql,16016-8
Shrimp,6246-3
Ara h 9 (f427),6206-7
Shrimp IgE Qn,6246-3
Shrimp IgE RAST Ql,16018-4
"Shrimp, (F24) IgE",6246-3
SICKLE CELL SCREEN,39230-8
Silver Birch IgE Qn,15283-5
Silver Birch IgE RAST Ql,15579-6
Sjogren's Anti-SS-A,17792-3
Sjogren's Anti-SS-B,17791-5
Small LDL Particle Number,24331-1
Small LDL-P,59062-0
ARSENIC,5585-5
Small LDL-P,43727-7
Smith Antibodies,11090-8
SMOOTH MUSCLE AB TITER,8095-2
SmRNP,11090-8
Smudge Cells,2160-0
SODIUM,57698-3
Sodium SerPl-sCnc,2951-2
"Sodium, Random Urine",2161-8
"Sodium, Urine",21525-1
SODIUM/CREAT RATIO,2955-3
25-HYDROXYVITAMIN D,62292-8
"Ash Tree(T15), IgE",6278-6
SOURCE,19763-2
Soy Bean,6242-2
SOYBEAN [F14],6248-9
Soybean IgE Qn,6248-9
Soybean IgE RAST Ql,15568-9
"Soybean, (F14) IgE",6248-9
Sp Gr Ur Strip,751-8
Specific Gravity Ur,98979-8
SPECIFIC GRAVITY URN,777-3
Specimen Source (3),31208-2
ASO ANTISTREPTOLYSIN O AB,22568-0
Specimen Type,31208-2
SPECIMEN TYPE:,31208-2
Speckled Pattern,20401-6
SPEP GRAPH,12851-2
"SPERM CELLS, URINE",1550-3
SPERMATOZOA,49111-8
SPHEROCYTES,802-9
Squamous #/area UrnS HPF,11277-1
SQUAMOUS EPITHELIAL,12258-0
SQUAMOUS EPITHELIAL CELLS,14957-5
Aspartate Aminotransferase,1920-8
SS-A,17792-3
SS-B,5353-8
Status Report,10011-4
sTfR,30248-9
STOOL CULTURE,43371-4
SUM TOTAL LDL-C,2571-8
Sweet Vernal,6261-2
Sycamore,15285-0
SYCAMORE (T11) IGE,15285-0
"Sycamore Tree (T11), IgE",15285-0
Aspartate Aminotransferase (AST),1920-8
SYMPTOMATIC (AS BY CDC)?,95419-8
T pallidum Ab (FTA-Ab),5393-4
T Uptake,3051-0
T. Pallidum Ab. (CIA),24110-9
"T006-IgE Cedar, Mountain",6178-8
T010-IgE Walnut,33982-0
"T015-IgE Ash, White",6278-6
T070-IgE White Mulberry,6281-0
"T3 (THYRONINE), TOTAL",3051-0
T3 FREE TRIIODOTHYRONINE,3051-0
"Aspergillus Fun. (M3), IgE",6025-1
T3 SerPl-mCnc,3053-6
T3 U,3050-2
T3 UP,3050-2
T3 UPTAKE,3051-0
T-3 UPTAKE,3051-0
T3 Uptake (T3U),32215-6
"T3(THYRONINE),TOTAL",3026-2
T-3(Total),3026-2
"T3, FREE",3051-0
"T3, FREE (FT3)",3051-0
AST,32215-6
"T3, TOTAL",3026-2
"T3,TOTAL",3026-2
T4,2095-8
T-4,2095-8
T4 (Thyroxine),2095-8
"T4 (THYROXINE), TOTAL",3024-7
T4 FREE,3024-7
T4 Free SerPl-mCnc,3024-7
T4 Free Thyroxine,3024-7
"T4 FREE, THYROXINE",3024-7
AST (SGOT),1975-2
T4 SerPl-mCnc,3026-2
T4 Total,3026-2
T4 TOTAL (84436),3026-2
T4 TOTAL THYROXINE,3026-2
"T4, FREE",3024-7
"T4, FREE (REFL)",3024-7
"T4, FREE, DIRECT DIALYSIS",3024-7
"T4, TOTAL",3026-2
"T4, TOTAL (THYROXINE)",3026-2
"T4,FREE",3024-7
AST SerPl-cCnc,1920-8
"T4,Free (Direct)",3024-7
"T4,Free(Direct)",3024-7
TARGET CELLS,10381-2
TB1,64084-7
TB1 Ag-Nil,64084-7
TB1 ANTIGEN-NIL VALUE,88517-8
TB2,88517-8
TB2 Ag-Nil,64084-7
TB2 ANTIGEN-NIL VALUE,88517-8
TEGRETOL,3432-2
AST(SGOT),1975-2
Testost Free SerPl-mCnc,2991-8
Testost SerPl-mCnc,2986-8
Testosterone,2986-8
Testosterone % Free,15432-8
TESTOSTERONE FREE CALCULATED,2991-8
"Testosterone Free,Calc",15432-8
TESTOSTERONE TOTAL,2986-8
"TESTOSTERONE, FREE",2991-8
"TESTOSTERONE, FREE %",2991-8
"TESTOSTERONE, FREE,",2991-8
ATOPOBIUM VAGINAE,69565-0
"TESTOSTERONE, FREE, SERUM",2991-8
"TESTOSTERONE, TOT.,S.",2991-8
"TESTOSTERONE, TOTAL",2986-8
"TESTOSTERONE, TOTAL,",2986-8
"Testosterone, Total, LC/MS",2986-8
"TESTOSTERONE, TOTAL, MALES (ADULT), IA",2986-8
"TESTOSTERONE, TOTAL, MS",15432-8
"Testosterone,Adult Male",15432-8
"TESTOSTERONE,FREE",2991-8
"TESTOSTERONE,TOT.,S.",2986-8
"25OH, VITAMIN D",5803-2
Atypical pANCA,49503-6
"TESTOSTERONE,TOTAL",2986-8
TESTOSTERONE-FREE,2991-8
Tetanus Antitoxoid IgG Ab,53935-3
TG-AB,5380-1
THC,2093-3
THC (Marijuana) Metabolite,42492-9
THC(MARIJUANA),3426-4
Throat Culture,626-2
THYROGLOBULIN,3013-0
THYROGLOBULIN AB,15210-8
B pertussis IgG Ab,42330-1
THYROGLOBULIN ANTIBODIES,8098-6
Thyroglobulin Antibody,8098-6
"THYROGLOBULIN,SERUM (BECKMAN DxI)",8098-6
Thyroid Peroxidase (TPO) Ab,8099-4
THYROID PEROXIDASE AB,56477-3
Thyroxine,3026-2
THYROXINE (T4),3026-2
"Thyroxine (T-4), Serum",3026-2
THYROXINE(T4),3026-2
"THYROXINE, FREE (FT4)",4548-4
B2 GLYCOPROTEIN I (IGM)AB,16136-4
TIBC,13955-0
TIBC SerPl-mCnc,2500-7
Timothy Grass,30170-5
TIMOTHY GRASS (G6) IGE,6281-0
"Timothy Grass (G6), IgE",16054-9
TIMOTHY GRASS [G6],6265-3
Timothy IgE Qn,6265-3
Timothy IgE RAST Ql,16054-9
"TISSUE TRANSGLUTAMINASE AB, IGA",31017-7
Tobramycin,2093-3
BACTERIA,24124-0
TOMATO [F25],6266-1
TOTAL IGE,19113-0
TOTAL INSULIN,20448-7
TOTAL LDL-C DIRECT,2571-8
TOTAL NON-HDL-C(LDL+VLDL),2571-8
TOTAL PROTEIN,6768-6
TOTAL VLDL-C DIRECT,2571-8
TOTAL VOLUME,3167-4
"TOTAL VOLUME,URINE",28009-9
TRANSFERRIN,2161-8
Bacteria #/area UrnS HPF,5769-5
TRANSFERRIN SATURATION,2502-3
Treponema pallidum Antibodies,47236-5
Trich vag by NAA,62461-9
TRICHOMONAS,5813-1
TRICHOMONAS APTIMA,46154-1
TRICHOMONAS VAG rRNA,46154-1
Trichomonas vaginalis,6568-0
TRICHOMONAS VAGINALIS SWAB,46154-1
TRICHOMONAS VAGINALIS THINPREP,46154-1
TRICHOMONAS VAGINALIS URINE,46154-1
Bacteria Ur Cult,630-4
Trigl SerPl-mCnc,2571-8
TRIGLYCERIDES,11054-4
Triiodothyronine (T3),3053-6
"Triiodothyronine (T3), Free",3051-0
Triple Phosphate Crystal,46137-6
TRIPLE PHOSPHATE CRYSTALS,3086-6
Tryptase,21582-2
TSH SerPl-aCnc,3016-3
TSH W/ REFLEX TO FREE T4,25428-4
TSH W/REFLEX TO FT4,3024-7
"BACTERIA, URINE",53295-2
TSH W/RFX TO FREE T4,3016-3
"TSH,3RD GENERATION",3016-3
"TSH,ULTRASENSITIVE",11579-0
TSH-ICMA,3016-3
TSI,30567-2
TT3,3053-6
TTG IGA,35280-7
TTG IGG,53026-1
t-Transglutaminase (tTG) IgG,32998-7
Tuna,94507-1
BACTERIAL VAGINOSIS,43305-2
TUNA (F40) IGE,6276-0
TUNA [F40],6270-3
Tuna IgE Qn,6270-3
Tuna IgE RAST Ql,16065-5
Tyrosine Crystal,5815-6
Upper Respiratory Culture,32355-0
Urate Cry #/area UrnS HPF,46138-4
"Urea Breath Test, Ped (24)",101924-9
UREA NITROGEN,14682-9
Ureaplasma urealyticum,17852-5
BAHIA [G17],6034-3
URIC ACID,2965-2
Uric Acid Crystal,3084-1
URIC ACID CRYSTALS,3084-1
"URIC ACID, URINE 24HR",3087-4
"URIC ACID,24HR.URINE",3087-4
"URIC ACID,URINE",3086-6
URIC ACID/CREAT RATIO,2161-8
URINALYSIS (UA),2498-4
"URINALYSIS, ROUTINE (W/MICROS)",2857-1
URINE CULTURE,2951-2
BAKERS YEAST [F45],6287-7
URINE TP,35663-4
URINE-COLOR,5778-6
UROBILINOGEN,62292-8
UROBILINOGEN URINE,50041-3
"Urobilinogen,Semi-Qn",20405-7
VALPROIC ACID,4086-5
"VALPROIC ACID, SERUM",4086-5
VARICELLA IGG,5403-1
VARICELLA IGM ABS,5404-9
VARICELLA IMMUNITY,15410-4
39 KD (IGM) BAND,46117-8
BAND NEUTROPHILS,26507-4
VARICELLA ZOS.(IgG),19261-7
Varicella Zoster IgG,5403-1
VARICELLA ZOSTER VIRUS ANTIBODY (IGM),31695-0
"Varicella-Zoster Ab, IgM",5404-9
Vit B12 SerPl-mCnc,2132-9
VIT B12/FOLATE,0287-3
"VIT.B6,PYRIDOX.PHOS",62236-5
VITAMIN A(RETINOL),2923-1
VITAMIN A(RETINYL PALMITATE),2923-1
"VITAMIN A, RETINOL",2923-1
BANDS,736-9
"VITAMIN A, SERUM",5763-8
"VITAMIN A,INTERPRETATION",2923-1
"VITAMIN B1,PLASMA",32554-8
VITAMIN B12,2132-9
VITAMIN B-12,2132-9
VITAMIN D 25 OH,1989-3
"Vitamin D, 25-Hydroxy",62292-8
"VITAMIN D, 25-HYDROXY, SERUM",1989-3
"Vitamin D, 25-OH, Total",1989-3
"VITAMIN D,25-OH, D2",49054-0
"Barbituates, Urine",19270-8
"VITAMIN D,25-OH,TOTAL",62290-2
"VITAMIN D2, 1,25 (OH)2",6768-6
"VITAMIN D3, 1,25 (OH)2",1975-2
VITAMIN E(a-Tocopherol),1823-4
VITAMIN E(y-Tocopherol),63370-1
"VITAMIN E, A-TOCOPHEROL",1823-4
VLDL,2095-8
VLDL,3024-7
VLDL,2157-6
VLDL,24361-8
Barbiturate,19270-8
VLDL,2498-4
VLDL,18500-9
VLDL,24331-1
VLDL,24356-8
VLDL,24321-2
VLDL,33914-3
VLDL,4548-4
VLDL,6301-6
VLDL,11579-0
VLDL,24323-8
BARBITURATE - U,19270-8
VLDL,2857-1
VLDL CALCULATION,13458-5
VLDL Cholesterol (Calc),3084-1
VLDL Cholesterol (Calc),11579-0
VLDL Cholesterol (Calc),24331-1
VLDL Cholesterol (Calc),24322-0
VLDL Cholesterol Cal,57698-3
VLDL Cholesterol Cal,24331-1
VLDL Cholesterol Cal,33914-3
VLDL Cholesterol Cal,13458-5
Barbiturates,19270-8
VLDL cholesterol cal ,13458-5
VLDL cholesterol cal  ,13458-5
VLDL Size,59062-0
"VLDL, CALCULATED",57698-3
VLDL-3 (REMNANT LIPO),2571-8
"VMA, Urine",9624-8
"VMA, Urine, 24hr",3122-9
WALNUT [F256],6273-7
Walnut IgE Qn,6273-7
Walnut IgE RAST Ql,16074-7
Barbiturates Result:,19270-8
Walnut Tree,33982-0
WALNUT TREE (T10) IGE,6025-1
"Walnut Tree (T10), IgE",6273-7
"Walnut, (F256) IgE",6273-7
Walnuts,15607-5
WBC,6690-2
WBC # Bld Auto,6690-2
WBC #/area UrnS HPF,5821-4
WBC CLUMPS,50957-0
WBC ESTERASE,5799-2
"Barbiturates Screen, Urine",19270-8
"WBC, URINE",2093-3
"WBC,URINE",51487-7
Wheat,6246-3
"Wheat (F4), IgE",6276-0
WHEAT [F4],6276-0
Wheat IgE Qn,6276-0
Wheat IgE RAST Ql,16085-3
White Ash,6281-0
WHITE ASH (T15) IGE,6278-6
White Ash IgE Qn,6278-6
Barbiturates Ur Ql,3377-9
White Ash IgE RAST Ql,15546-5
White Blood Cell Clump,67848-2
WHITE BLOOD CELL COUNT,718-7
White Elm IgE Qn,6109-3
White Elm IgE RAST Ql,15697-6
White Mulberry,6281-0
WHITE MULBERRY (T70) IGE,7604-2
"White Mulberry (T70), IgE",6281-0
White mulberry IgE Qn,6281-0
White mulberry IgE RAST Ql,15864-2
BARBITURATES URINE SCREEN,19270-8
White Oak IgE Qn,6189-5
White Oak IgE RAST Ql,15875-8
"YEAST CELLS, URINE",25162-9
ZINC,5763-8
"ZINC, PLASMA (3)",5763-8
"ZINC, RBC",5761-2
"ZINC, SERUM",5763-8
ZONISAMIDE,29620-2
% Free Testosterone,15432-8
41 KD (IGG) BAND,9593-5
"BARBITURATES, URINE",19270-8
"Barbiturates, Urine  SCREEN",19270-8
"BARBITURATES, URINE SCREEN",19270-8
"BARBITURATES,URINE SCREEN(200)",19270-8
"BARBITURATES,URN.SCR",19270-8
BARLEY (F6),6037-6
Barley (f6) Class,6037-6
Barley (f6) Conc,6037-6
BARLEY (F6) IGE,6037-6
BARLEY [F6],6037-6
41 kDa (IGG) BAND,9593-5
BARLEY IGE(F6),6037-6
"Barley, IgE",6037-6
BASO (ABSOLUTE),704-7
BASOPHIL,706-2
Basophil %,706-2
BASOPHILIC STIPPLING,703-9
BASOPHILS,2857-1
Basophils # Bld Auto,704-7
BASOPHILS %,706-2
Basophils%,706-2
6MAM Ur Ql,10976-9
Basophils/leuk NFr Bld Auto,706-2
BASOS,2951-2
"BEAN, WHITE [F15]",6279-4
Beech Tree,6038-4
Beech Tree IgE,6038-4
BEEF (F27) IGE,6039-2
BEEF [F27],6039-2
Beef IgE,6039-2
BEEF(F27),6039-2
Benzodiaz Ur Ql,3390-2
A alternata IgE Qn,6020-2
BENZODIAZEPINE,3390-2
BENZODIAZEPINE - U,3390-2
BENZODIAZEPINE QUALITATIVE,3390-2
"BENZODIAZEPINE, UR SCREEN",3390-2
"BENZODIAZEPINE,URN.,QUAL.",3390-2
"BENZODIAZEPINE,URN.S",3390-2
Benzodiazepines,19550-3
"Benzodiazepines Screen, Urine",14316-4
Benzodiazepines- Urine,14316-4
"Benzodiazepines, Urine",14316-4
A alternata IgE RAST Ql,15530-9
"BENZODIAZEPINES,URN.",14316-4
"BENZODIAZEPINES,URN.SCRN.(200)",14316-4
Benzoylecgonine,14316-4
Bermuda Grass,6041-8
BERMUDA GRASS (G2) IGE,6041-8
"Bermuda Grass (G2), IgE",6041-8
BERMUDA GRASS [G2],6041-8
Bermuda Grass IgE,6041-8
Bermuda grass IgE Qn,6041-8
Bermuda grass IgE RAST Ql,15738-8
A DIAGNOSIS,62357-9
"BERMUDA GRASS,IgE",6041-8
BETA %,53589-8
"BETA CAROTENE,TOTAL",2053-7
BETA CONCENTRATION,2871-2
BETA GLOB.(SPEP),2871-2
Beta Globulin,2871-2
"BETA GLOBULIN, U",13994-9
BETA-hCG,21198-7
Bilirub Direct SerPl-mCnc,1968-7
Bilirub Indirect SerPl-mCnc,1971-1
A fumigatus IgE Qn,6025-1
Bilirub SerPl-mCnc,1975-2
Bilirub Ur Ql Strip,5770-3
Bilirubin,14563-1
BILIRUBIN DIRECT,1968-7
Bilirubin Indirect,1971-1
"BILIRUBIN, DIRECT",1968-7
"BILIRUBIN, DIRECT (82248)",1968-7
"BILIRUBIN, INDIRECT",1971-1
"BILIRUBIN, TOT",43396-1
"BILIRUBIN, TOTAL",43396-1
A fumigatus IgE RAST Ql,15549-9
"BILIRUBIN, TOTAL (82247)",43396-1
"BILIRUBIN, URINE",5794-3
"BILIRUBIN,DIRECT",1968-7
"BILIRUBIN,INDIRECT",1971-1
"BILIRUBIN,TOTAL",1975-2
BIRCH (T3) IGE,41874-9
BIRCH [T3],41874-9
"Birch Tree (T3), IgE",15283-5
Birch Tree [t3] IgE,15283-5
Birch Tree IgE,15283-5
A/G  RATIO,5778-6
"BIRCH,IgE",41874-9
BLD*,890-4
BLOOD GROUP,2093-3
BLOOD GROUP (ABO),883-9
BLOOD LEAD,5671-3
"BLOOD TYPING, RH",10331-7
"BLOOD, URINE",53963-5
Blue Mussel,6048-3
BLUE MUSSEL (F37) IGE,6048-3
BLUE MUSSEL [F37],6048-3
A/G RATIO,5778-6
BNP,30934-4
BOX ELDER / MAPLE [T1],7155-5
Boxelder IgE Qn,7155-5
Boxelder IgE RAST Ql,15585-3
BRAZIL NUT (F18) IGE,6050-9
BRAZIL NUT [F18],6050-9
"Brazil Nut,IgE",6050-9
BROCCOLI (F260) IGE,6052-5
BROCCOLI [F260],6052-5
B-Type Natriuretic Peptide,30934-4
(LD) Fraction 1,2536-1
A1C,4548-4
BUN,2160-0
BUN SerPl-mCnc,3094-0
BUN/Creat Ratio,94507-1
BUN/Creat SerPl,11277-1
BUN/CREATININE RATIO,2823-3
BUN/CREATININERATIO,2823-3
Buprenorphine,2324-2
BUPRENORPHINE (SUBOXONE),3414-0
Buprenorphine Ur Ql,3414-0
BVAB 2,69566-8
ABNORMAL PROTEIN BAND 1,51435-6
BVAB2,69566-8
BZE Ur Ql,3393-6
C herbarum IgE Qn,6075-6
C herbarum IgE RAST Ql,15642-2
C Reactive Protein,11039-5
C trach rRNA Spec Ql NAA+probe,43304-5
C. DIFFICILE GDH AG,57901-1
"C. DIFFICILE, TOXIN A+B",34468-9
C. Herbarum,6075-6
C.TRACHOMATIS RRNA URINE,45074-2
ABO GROUP,883-9
C.trachomatis rRNA URN,45074-2
"C.TRACHOMATIS, RRNA, URINE",45074-2
"C.TRACHOMATIS, UR, rRNA",45074-2
"C.TRACHOMATIS,URINE,RRNA",45074-2
C3,4485-9
C4,4498-2
CA 15-3,6875-9
CA 19-9,24108-3
CA-125,10334-1
CABBAGE [F216],7169-6
ABO Group Bld,883-9
"CALC ALBUMIN/CREAT, RND",14959-1
"Calcitriol(1,25 di-OH Vit D)",62290-2
CALCIUM,1751-7
CALCIUM (82310),1751-7
Calcium Carbonate Crystal,5773-7
Calcium Oxalate Crystal,25148-8
Calcium Oxalate Crystal (14),25148-8
CALCIUM OXALATES,25148-8
Calcium Phosphate Crystal,5775-2
CALCIUM PHOSPHATES CRYSTALS,5775-2
ABO Grouping,883-9
Calcium SerPl-mCnc,17861-6
"CALCIUM, IONIZED",17864-0
"CALCIUM, RANDOM URINE",17862-4
"CALCIUM, SERUM",17861-6
"Calcium, Urine",18488-7
"Calcium, Urine 24hr",24518-3
"CALCIUM,24HR.URINE",6874-2
"CALCIUM,URINE",18488-7
Calif Walnut Poln IgE Qn,33982-0
Calif Walnut Poln IgE RAST Ql,16078-8
ABO/RH BLOOD TYPE,882-1
cal-LDL ,2089-1
cal-LDL  ,2089-1
Campylobacter Culture,6331-3
"Candida albicans, NAA",69562-7
"Candida glabrata, NAA",69563-5
CANNABINOID,18282-4
CANNABINOID (THC),18282-4
Cannabinoid Confirmation,18282-4
"Cannabinoid Screen, Urine",18282-4
"Cannabinoid, Urine",18282-4
ABSOLUTE BASO,26444-0
CANNABINOIDS,18282-4
CANNABINOIDS (THC),18282-4
Cannabinoids Screen,18282-4
"CANNABINOIDS SCREEN,",18282-4
"Cannabinoids Screen, Urine (Marijuana)",18282-4
"Cannabinoids Screen, Urine, 100",18282-4
CANNABINOIDS(GC/MS),18282-4
"CANNABINOIDS, URINE",18282-4
"CANNABINOIDS, URINE SCREEN",18282-4
"CANNABINOIDS, URINE SCREEN (100)",18282-4
ABSOLUTE BASOPHILS,704-7
"Carbamazepine(Tegretol), S",3432-2
"CARBAMAZEPINE, FREE",3432-2
"Carbamazepine, Free, Serum",3432-2
"CARBAMAZEPINE, TOTAL",3432-2
Carbon Dioxide,49054-0
"Carbon Dioxide, Total",2028-9
"Carboxy THC Conf, MS, UR",3436-3
CARDIOLIPIN AB (IGG),24319-6
CARDIOLIPIN AB (IGM),2345-7
CARDIOLIPIN IGM,24386-5
ABSOLUTE EOS,2160-0
CASEIN,41397-1
CASEIN (f78),41397-1
Casein (f78) Class,41397-1
CASEIN (F78) IGE,6062-4
Cashew,13458-5
CASHEW NUT (F202) IGE,15607-5
CASHEW NUT [F202],15607-5
Cashew Nut IgE Qn,6718-1
Cashew Nut IgE RAST Ql,15607-5
"Cashew,IgE",15607-5
ABSOLUTE EOSINOPHILS,6690-2
Cast Type,58436-7
"Cast, Granular, Ur",630-4
"CAST, HYALINE, URINE",50231-0
"CAST, RBC, URINE",53278-8
CAT [E1],6833-8
Cat Dander,6833-8
CAT DANDER  IGE(E1),6833-8
CAT DANDER (e1),6833-8
Cat Dander (e1) Class,6833-8
Cat Dander (e1) Conc,6833-8
(LD) Fraction 2,2539-5
ABSOLUTE LYMPHOCYTES,742-7
CAT DANDER (E1) IGE,6833-8
"Cat Dander (E1), IgE",6833-8
CAT DANDER [E1],6833-8
Cat Dander IgE Qn,6833-8
Cat Dander IgE RAST Ql,15609-1
CAT DANDER IGE(E1),6833-8
CAT DANDER(E1),6833-8
"CAT DANDER,IgE",6833-8
CAULIFLOWER [F291],6835-3
CBC WITH DIFF,0053-9
ABSOLUTE LYMPHS,731-0
CCP IgG Abs,32218-0
CD4/CD8 RATIO,54218-3
CELERY [F85],6065-7
CENTROMERE,16137-2
CERULOPLASMIN,2064-4
Character,6316-4
CHICKEN [F83],40879-9
CHICKEN MEAT,6071-5
CHICKEN MEAT (f83),6071-5
CHICKEN MEAT (F83) IGE,6071-5
ABSOLUTE MONOCYTES,770-8
CHICKEN MEAT(F83) IGE,6071-5
CHLAMYDIA TRACHOMATIS BY MULTIPLEX PCR,43404-3
Chlamydia trachomatis DNA,80363-5
"CHLAMYDIA TRACHOMATIS RNA, TMA, UROGENITAL",6349-5
CHLAMYDIA TRACHOMATIS rRNA SWAB,43304-5
CHLAMYDIA TRACHOMATIS rRNA THINPREP,50387-0
"CHLAMYDIA TRACHOMATIS,AMP,UR",630-4
"Chlamydia, Nuc. Acid Amp",50387-0
Chloride SerPl-sCnc,2075-0
CHLORIDE URINE,2079-2
ABSOLUTE MONOS,742-7
"CHLORIDE, RANDOM URI",2078-4
"Chloride, Random Urine",2078-4
"CHLORIDE, URINE",21194-6
"Chloride, Urine Random",2078-4
CHOCOLATE [F105],6073-1
CHOL/HDL RATIO,2095-8
CHOL/HDLC RATIO,2095-8
Cholest SerPl-mCnc,2093-3
Cholest/HDLc SerPl,9830-1
CHOLESTEROL,13457-7
ABSOLUTE MYELOCYTES,30446-9
CHOLESTEROL (82465),13457-7
Cholesterol.in LDL,13457-7
Cholesterol.in VLDL,13458-5
CHOLESTEROL/HDL RATIO,4548-4
CHROMATIN (NUCLEOSOMAL) ANTIBODY,68380-5
"Cladosporium (M2), IgE",6075-6
Cladosporium Her (M2) IgE,6075-6
CLADOSPORIUM HERBARUM,6075-6
CLADOSPORIUM HERBARUM     (M2) IGE,6075-6
CLADOSPORIUM HERBARUM (M2) IGE,6075-6
ABSOLUTE NEUTROPHIL,731-0
CLADOSPORIUM HERBARUM [M2],6075-6
CLADOSPORIUM HERBARUM(M2) IGE,6075-6
Clam,6076-4
CLAM (207),6076-4
CLAM (f207),6076-4
CLAM (F207) IGE,6076-4
CLAM [F207],6076-4
Clam IgE,6076-4
"Clam, (F207) IgE",6076-4
"Clam, IgE",6076-4
ABSOLUTE NEUTROPHILS,777-3
CLASS,19113-0
CLASS (58),19113-0
CO2 SerPl-sCnc,2028-9
COAG FACTOR V ACTIVITY,3193-0
COCAINE,43985-1
COCAINE (METAB.),3393-6
"Cocaine (Metab.) Screen, Urine",14314-9
"Cocaine (Metab.), Urine",19359-9
COCAINE METAB - U,3393-6
COCAINE METABOLITE,3393-6
ABSOLUTE NUCLEATED RBC,30392-5
Cocaine Metabolite - BE,3393-6
COCAINE METABOLITES,3393-6
COCAINE METAB-U,3393-6
COCAINE(METAB.)SCREE,19359-9
"COCAINE/METABOLITE,IA",3393-6
Cockroach,6109-3
COCKROACH (I6) IGE,30170-5
"Cockroach (I6), IgE",30170-5
COCKROACH MIX [I6],6078-0
COCONUT (F36) IGE,6081-4
ABSOLUTE RETICULOCYTES,2160-0
CODEINE,3507-1
Codfish,6087-1
Codfish IgE Qn,6082-2
Codfish IgE RAST Ql,15650-5
"Codfish, (F3) IgE",6082-2
Color Ur,5778-6
"COLOR, URINE",50553-7
COMMENT,19774-9
COMMENT(S),5774-5
Comments/Recommendations,21026-0
ACANTHOCYTES,91135-4
Comments:,77202-0
Common Birch,15283-5
Common Pigweed IgE Qn,7604-2
Common Pigweed IgE RAST Ql,15936-8
Common Ragweed,6085-5
COMMON RAGWEED (SHORT) (W1) IGE,6095-4
Common Ragweed IgE Qn,6085-5
Common Ragweed IgE RAST Ql,15975-6
COMP. METABOLIC (CMP),3427-2
COMP. METABOLIC/GGTP,2324-2
(LD) Fraction 3,2542-9
ACTH,34541-3
"COMPLEMENT (C3), SER",4485-9
"COMPLEMENT (C3), SERUM",4485-9
"COMPLEMENT (C4), SER",4498-2
"COMPLEMENT (C4), SERUM",4498-2
COMPLEMENT C3,4485-9
COMPLEMENT C-3,4485-9
"Complement C3, Serum",4485-9
COMPLEMENT C4,4498-2
COMPLEMENT C-4,4498-2
"Complement C4, Serum",4498-2
AFP,1834-1
"COMPLEMENT, TOTAL (CH50)",4532-8
"COMPLEMENT, TOTAL (CH50), SERUM",4532-8
CONFIRMATION,7905-3
Corn,6087-1
"Corn (F8), IgE",6087-1
Corn (Maize),6087-1
CORN (maize)(f8),6087-1
CORN [F8],6087-1
Corn IgE,6087-1
Corn IgE [f8],6087-1
AFP TUM MARKER,6690-2
"Corn(Food),IgE",6087-1
CORN(MAIZE/(F8),6087-1
CORTISOL,2143-6
Cortisol - AM,2143-6
CORTISOL - PM,2143-6
CORTISOL (82533),2143-6
Cortisol AM,2143-6
"CORTISOL, AM (baseline)",9813-7
"CORTISOL, TOTAL, LC/MS",2143-6
"Cortisol,F,ug/24hr,U",2147-7
"AFP, Serum, Tumor Marker",53962-7
"Cortisol,F,ug/L,U",33346-8
Cotton-Wood,6278-6
Cottonwood IgE Qn,6090-5
Cottonwood IgE RAST Ql,15659-6
"Cottonwood Tree (T14), IgE",6090-5
COVID-19 AB. IgG,2093-3
COVID-19 Ab. IgG Interp,3024-7
COVID-19 Ab. IgG Interp.,3024-7
COVID-19 Antibody,2093-3
COVID-19 ANTIBODY IGG,3024-7
"AFP, TUMOR MARKER",6690-2
COVID-19 Antibody IgG Interpretation,3024-7
COVID-19 Antibody IgG TH99-5,3024-7
COVID-19 Antibody Interp.,3024-7
COVID-19 Antibody Interpretation,3024-7
COVID-19 Antibody S Interp.,94507-1
"COVID-19 ANTIBODY, SEMI-QUANT",2093-3
COVID-19 Nasal/Nasopharynx,94500-6
COVID-19 NASOPHARYNX,94500-6
COVID-19 Oropharynx,94500-6
COW S MILK (F2) IGE,7258-7
Alanine Aminotransferase,1742-6
COWS MILK (F2) IGE,7258-7
COW'S MILK (F2) IGE,7258-7
Cows Milk IgE,7258-7
COWS MILK IGE(F2),7258-7
"COW'S MILK,IgE",7258-7
C-PEPTIDE,1986-9
CPK,50756-6
Crab,6092-1
CRAB (f23),6092-1
Crab (f23) Class,6092-1
Alanine Aminotransferase (ALT),1742-6
Crab (f23) Conc,6092-1
CRAB (F23) IGE,6092-1
CRAB [F23],6092-1
Crab IgE,6092-1
CRAB(F23),6092-1
C-REACTIVE PROTEIN (INFL),1988-5
"C-Reactive Protein, Cardiac",30522-7
"C-Reactive Protein, Quant",1988-5
Creat SerPl-mCnc,2160-0
Creat Ur-mCnc,2161-8
Alb/Creat Ratio,9318-7
CREAT.URN.24HR(MG/DL),2162-6
CREAT.URN.TIMED/RAND,35674-1
CREAT.URN.TIMED/RANDOM,35674-1
Creatine Kinase,2157-6
"Creatine Kinase (CK), Total",2157-6
Creatine Kinase (CK)total,2157-6
CREATINE KINASE (CK)TOTAL (82550),2157-6
"CREATINE KINASE, TOTAL",2157-6
"CREATINE KINASE,TOTA",2157-6
"Creatine Kinase,Total",2157-6
"Album/creat ratio, urine",4086-5
"Creatine Kinase,Total,Serum",2157-6
CREATININE,35275-7
"CREATININE, 24 HOUR URINE",2162-6
"Creatinine, Random U",2161-8
"Creatinine, Random Ur. (3)",2161-8
"CREATININE, RANDOM URINE",14959-1
"CREATININE, SERUM",14682-9
"Creatinine, Ur 24hr",2162-6
"CREATININE, URINE",34366-5
"CREATININE, URINE 24HR",2161-8
ALBUMIN %,13980-8
"CREATININE,24 HR.URINE",2162-6
"CREATININE,24 URINE",2162-6
"CREATININE,RANDOM UR",2161-8
"CREATININE,RANDOM URINE",2161-8
"CREATININE,UR -per vol.",2161-8
"CREATININE,URINARY",2161-8
"CREATININE,URINE",2161-8
"CREATININE,URINE-per 24h",2162-6
"Creatinine,Urine-per24h",2162-6
CRP,30341-2
(LD) Fraction 4,2545-2
ALBUMIN (SPEP),2862-1
"CRP, INFLAMMATION",1988-5
"Cryoglobulin, Ql, Serum, Rflx",12201-0
Cryptosporidium,6371-9
CRYPTOSPORIDIUM(ELISA),6371-9
CRYSTAL AMT. URINE,53295-2
CRYSTALS URINE,2885-2
CT Urine PCR,42931-6
CT/GC HR STI,21416-3
"CT/GC RRNA,APTIMA,URINE",45074-2
CUCUMBER [F244],6724-9
ALBUMIN CONCENTRATION,2862-1
"CULTURE, GENITAL",10352-3
"CULTURE, MOUTH",6463-4
"CULTURE, STOOL (1ST",625-4
"CULTURE, STOOL (1ST SPEC)",625-4
"CULTURE, THROAT",626-2
"CULTURE, URINE",630-4
"CULTURE, URINE, ROUTINE",11277-1
CYCLIC CITRULLINATED PEPTIDE (CCP) AB (IGG),2345-7
Cyclic Citrullinated Peptide IgG,33935-8
CYSTATIN C,33863-2
Albumin SerPl-mCnc,1751-7
Cystine Crystal,5784-4
Cytoplasmic (C-ANCA),14277-8
D farinae IgE Qn,6095-4
D farinae IgE RAST Ql,15680-2
D pteronyss IgE Qn,6096-2
D pteronyss IgE RAST Ql,15682-8
D. Farinae (Dust Mite),6833-8
D. Pteronyssinus,6096-2
D002-IgE D farina,6095-4
D002-IgE D farinae,6095-4
"ALBUMIN, U",13992-3
D-Dimer,2324-2
D-DIMER (85379),2324-2
D-DIMER HS,48067-3
"D-DIMER, QUANTITATIVE",48065-7
DEHYDROEPIANDROSTERONE (DHEA),2193-1
Dehydroepiandrosterone Sulfate (DHEAS),2193-1
Dehydroepiandrosterone(DHEA-S),2193-1
DERMATOPHAGOIDES FARINAE  (D2) IGE,6181-2
DERMATOPHAGOIDES FARINAE (D2) IGE,6181-2
"Dermatophagoides farinae (D2), IgE",6095-4
"ALBUMIN, URINE",1753-3
"Dermatophagoides pteron. (D1), IgE",6096-2
DERMATOPHAGOIDES PTERONYSSINUS (D1) IGE,6096-2
DGP(deamidated gliadin peptide)IGA ABS,16901-1
DGP(deamidated gliadin peptide)IGG ABS,16902-9
DHEA,2193-1
DHEA SULFATE,2191-5
DHEAS,2191-5
DHEA-S,2191-5
"DHEA-Sulfate, LCMS",2191-5
DIGOXIN,10535-3
"ALBUMIN, URINE, RANDOM",2345-7
DIGOXIN (80162),10535-3
DILANTIN,3968-5
Diphtheria Antitoxoid Ab,5116-9
DIRECT LDL,18262-6
DIRECT LDL,10535-3
DIRECT LDL,24361-8
DIRECT LDL,33914-3
DIRECT LDL,24356-8
DIRECT LDL,11579-0
DIRECT LDL,13317-3
Albumin/Creat Ur,9318-7
DIRECT LDL,2335-8
DIRECT LDL,24331-1
DIRECT LDL,29771-3
DIRECT LDL,18500-9
DIRECT LDL,24323-8
DIRECT LDL,2157-6
DIRECT LDL,2823-3
DIRECT LDL,2842-3
DIRECT LDL,3084-1
DIRECT LDL,630-4
"ALBUMIN/CREATININE RATIO, RANDOM URINE",11572-5
direct LDL  ,18262-6
Dog Dander,16054-9
DOG DANDER (e5),16054-9
Dog Dander (e5) Class,16054-9
Dog Dander (e5) Conc,16054-9
DOG DANDER (E5) IGE,15685-1
Dog Dander IgE,15685-1
Dog Dander IgE Qn,6098-8
Dog Dander IgE RAST Ql,15685-1
DOG DANDER IGE(E5),15685-1
Albumin/Glob SerPl,1759-0
DOG DANDER(E5),16054-9
Dog Dander(E5) IgE,15685-1
"Dog dander, IgE",15685-1
"DOG DANDER,IgE",15685-1
"Dopamine, Ur, 24hr",2218-6
"Dopamine, Urine",2217-8
"DRUG ABUSE SCREEN,URINE",2324-2
DUCK FEATHERS,6100-2
DUCK FEATHERS (E86) IGE,6100-2
E005-IgE Dog Dander,6098-8
ALBUMIN/GLOBULIN RATIO,6768-6
E072-IgE Mouse Urine,6181-2
eAG (mg/dL),27353-2
EDDP Ur Ql,41858-2
EGFR,98979-8
e-GFR,98979-8
eGFR (Non-African American-MDRD Equation),88294-4
EGFR AFR AMERICAN,3097-3
EGFR AFRICAN AMERICAN,3097-3
eGFR African American.,3097-3
eGFR African-American,3097-3
(LD) Fraction 5,2548-6
ALCOHOL,5643-2
eGFR If Africn Am,3097-3
eGFR If NonAfricn Am,88294-4
EGFR NON AFR AMERICAN,88294-4
eGFR Non African-American,88294-4
eGFR NON-AFR. AMERICAN,88294-4
"e-GFR, African American",3097-3
"eGFR, African-American",3097-3
"eGFR, Non African-American",88294-4
eGFR-African American,3097-3
eGFRcr SerPlBld CKD-EPI 2021,98979-8
ALDL,18262-6
Egg White,6082-2
EGG WHITE (F1) IGE,7258-7
Egg White IgE Qn,6106-9
Egg White IgE RAST Ql,15689-3
"Egg White, (F1) IgE",6106-9
Egg Yolk,6107-7
EGG YOLK (f75),6107-7
EGG YOLK (F75) IGE,6107-7
EGG YOLK (F75) IGG,6107-7
EGG YOLK [F75],6107-7
Aldolase,1761-6
EGG YOLK(F75),6107-7
EGG YOLK(F75) IGE,6107-7
"Egg Yolk,IgE",6107-7
ELLIPTOCYTES,11274-8
ELM (T8) IGE,6109-3
Elm Tree,6109-3
"Elm Tree (T8), IgE",6109-3
EMPLOYER CITY (NY),80431-0
EMPLOYER STATE (NY),80433-6
EMPLOYER ZIP CODE (NY),80435-1
Aldos/Renin Ratio,30894-0
EMPLOYER/SCHOOL DIST NAME(NY),80427-8
EMPLYR ADDR/SCHOOL NAME(NY),80429-4
ENDOMYSIAL ANTIBODY,39554-1
ENDOMYSIAL IGA ABS,10362-2
"Endomysial IgA Abs, IFA",39554-1
EOS,751-8
EOSINOPHIL,714-6
Eosinophil # Bld Auto,711-2
Eosinophil/leuk NFr Bld Auto,713-8
EOSINOPHILS,11579-0
Aldosterone,1763-2
EOSINOPHILS %,5905-5
"EOSINOPHILS,%",5905-5
"Epinephrine, U, 24hr",2232-7
"Epinephrine, Urine",11046-0
EPITHELIAL CELLS,20453-7
"EPITHELIAL CELLS, UR",13457-7
"EPITHELIAL CELLS, URINE",13457-7
ERYTHROPOIETIN,15061-5
ESR,30341-2
ESR (SED RATE),30341-2
"ALDOSTERONE, LC/MS/MS",1763-2
ESR (SED-RATE),30341-2
Estim. Avg Glu (eAG),27353-2
"ESTRADIOL,SERUM",2243-4
"Estrogen, Total, Serum",2254-1
ESTROGENS TOTAL,2254-1
"ESTROGENS, TOTAL",2254-1
ETHANOL,42242-8
ETHYL ALCOHOL,42242-8
F003-IgE Codfish,6082-2
F014-IgE Soybean,6248-9
Alk Phos,2093-3
F017-IgE Hazelnut (Filbert),6136-6
F018-IgE Brazil Nut,6050-9
F020-IgE Almond,6019-4
F024-IgE Shrimp,6246-3
F026-IgE Pork,6219-0
F027-IgE Beef,6039-2
F093-IgE Chocolate/Cacao,6080-6
F201-IgE Pecan Nut,6208-3
F202-IgE Cashew Nut,6718-1
F203-IgE Pistachio Nut,7613-3
ALK.PHOSPHATASE,1920-8
F207-IgE Clam,6076-4
"F245-IgE Egg, Whole",7291-8
F256-IgE Walnut,6273-7
F345-IgE Macadamia Nut,11183-1
FACTOR VIII ACTIVITY,3209-4
FACTOR VIII ACTIVITY (85240),3209-4
"FACTOR VIII ACTIVITY,",3209-4
"FACTOR VIII ACTIVITY, CLOTTING",3209-4
FAT,2272-3
Fentanyl,40839-3
ALKALINE PHOSPHATASE,1920-8
FERRITIN,14957-5
FERRITIN (82728),14957-5
Ferritin SerPl-mCnc,2276-4
FIT IFOB,29771-3
Folate,2283-0
"Folate (Folic Acid), Serum",2284-8
FOLATE SERUM,2284-8
"Folate, RBC",2283-0
"FOLATE, SERUM",11579-0
"FOLATE,SERUM",3084-1
Alkaline Phosphatase (1),6768-6
FOLIC ACID,2571-8
FOLIC ACID (82746),2571-8
Follicle Stimulating Hormone,15067-2
Free Insulin,6901-3
"Free Kappa Lt Chains,S",36916-5
"Free Lambda Lt Chains,S",33944-0
FREE PSA,10886-0
FREE PSA %,12841-3
Free PSA (Roche Cobas e),2345-7
Free T3,4548-4
"1,25(OH)2D SerPl-mCnc",62290-2
ALMOND (F20)IGE,6019-4
FREE T-3,4548-4
FREE T3 (84481),4548-4
Free T4,3051-0
FREE T-4,3051-0
FREE T4 (84439),3051-0
Free T4 by Dialysis/Mass Spec,6892-4
FREE T4 INDEX,2093-3
FREE T4 INDEX (T7),32215-6
FREE TESTOSTERONE,2324-2
FREE TESTOSTERONE%,15432-8
Almond IgE Qn,6019-4
Free Testosterone(Direct),2991-8
Free Thyroxine Index,32215-6
"FREE THYROXINE INDEX,CALC",32215-6
Fructosamine,2345-7
FSH,4548-4
Fungus (Mycology) Culture,580-1
FUNGUS STAIN,21003-9
FX02-IgE Food Mix (Seafoods),15218-1
G002-IgE Bermuda Grass,6041-8
G006-IgE Timothy Grass,6265-3
Almond IgE RAST Ql,15527-5
GAMMA %,53590-6
GAMMA CONCENTRATION,2874-6
GAMMA GLOB.(SPEP),2874-6
GAMMA GLOBULIN,2868-8
"GAMMA GLOBULIN, U",13995-6
Gamma Glutamyl Transferase,2324-2
Gamma interferon background Bld IA-aCnc,71776-9
GARLIC [F47],6122-6
GARLIC(F47)IGE,82-F47
GENITAL CULTURE,10352-3
Almond Nut,7691-9
"GENITAL CULTURE, ROU",10352-3
"Genital Culture, Routine",10352-3
GFR/BSA pred.blk SerPlBld CKD-EPI-ArVRat,88293-6
GFR/BSA pred.nonblk SerPl CKD-EPI-ArVRat,88294-4
GGT,3084-1
GGTP,2093-3
GIANT PLTS,5908-9
GIARDIA ANTIGEN (EIA,6412-1
GIARDIA ANTIGEN (EIA),6412-1
"Giardia lamblia Ag, EIA",6412-1
"Almond,IgE",6019-4
GLIADIN (DEAMIDATED) AB (IGA),58709-7
GLIADIN (DEAMIDATED) AB (IGG),20496-6
"GLIADIN(DP) IgA,Ab",58709-7
"GLIADIN(DP) IgG,Ab",20496-6
GLOBULIN,2862-1
Globulin Ser Calc-mCnc,10834-0
GLUCOSE,786-4
GLUCOSE (82947),786-4
GLUCOSE FASTING,1558-6
"GLUCOSE FASTING,PLASMA",14771-0
ALP SerPl-cCnc,6768-6
"GLUCOSE FASTING,SERUM",2345-7
GLUCOSE NON-FASTING,2345-7
Glucose p fast SerPl-mCnc,1558-6
Glucose SerPl-mCnc,2345-7
GLUCOSE UA,2349-9
Glucose Ur Ql Strip,25428-4
"Glucose, Fasting",1558-6
"GLUCOSE, NON FASTING",2345-7
"GLUCOSE, NON-FASTING",2345-7
"Glucose, Urine",25428-4
ALPHA 1 %,13978-2
"GLUCOSE,URINE",1974-5
"Gonococcus, Nuc. Acid Amp",50388-8
GOOSE FEATHERS (E70) IGE,6129-1
Granular Cast,32176-0
GRANULAR CASTS,25160-3
GREEN BEAN (F315) IGE,6831-2
GREEN PEA [F12],6204-2
GULF FLOUNDER (F147) IGE,7316-3
H pylori Breath Test,29891-9
"H. pylori Stool Ag, EIA",17780-8
ALPHA 1 CONCENTRATION,2865-4
"H.PYLORI Ab.,IgA",7901-2
"H.PYLORI Ab.,IgG",7902-0
"H.PYLORI Ab.,IgM",7903-8
H-A1C,4548-4
HAMSTER EPITH (E84) IGE,6135-8
HAPTOGLOBIN,4542-7
HAV Ab Ser Ql IA,13951-9
HAV IgM SerPl Ql IA,22314-9
Hazelnut,6136-6
HAZELNUT (F17) IGE,6136-6
ALPHA 1 GLOBULIN,2862-1
Hazelnut IgE Qn,6136-6
Hazelnut IgE RAST Ql,15766-9
"Hazelnut,IgE",6136-6
Hb A,4546-8
Hb A1c Diabetic Assessment,4548-4
Hb A1C diabetic assessment  ,4548-4
Hb A2,4552-6
Hb C,4563-3
Hb F,4576-5
HbA1C ,4548-4
ALPHA 2 %,13981-6
HbA1c MFr Bld,4548-4
HBsAg Confirmation,13955-0
HBV core Ab SerPl Ql IA,13952-7
HBV core IgM SerPl Ql IA,24113-3
HBV DNA,40459-0
HBV DNA (LOG10),40459-0
HBV IU/mL,42595-9
HBV surface Ab Ser Ql IA,10900-9
HBV surface Ag SerPl Ql IA,5196-1
"HCG, QUANTITATIVE, S",25428-4
"1,25(OH)2D2 SerPl-mCnc",62291-0
ALPHA 2 CONCENTRATION,2868-8
"HCG, QUANTITATIVE, SERUM",25428-4
"hCG,Beta Subunit,Qnt,Serum",45194-8
"hCG,Beta Subunit,Qual",2110-5
"HCG,QUANTITATIVE",19080-1
"HCG., QUANT",19080-1
HCT,785-6
Hct VFr Bld Auto,4544-3
HCV Ab,48159-8
HCV Ab s/co SerPl IA,48159-8
HCV Ab SerPl Ql IA,13955-0
ALPHA 2 GLOBULIN,2865-4
HCV RNA,29609-5
HCV RNA NAA Qualitative,11259-9
"HCV RNA, QUANTITATIVE REAL TIME PCR",11011-4
HDL as % of Cholesterol,11054-4
"HDL CHOL., DIRECT",2085-9
"HDL CHOL.,DIRECT",2085-9
HDL CHOLESTEROL,2085-9
HDL CHOLESTEROL(83718),2085-9
HDLc SerPl-mCnc,2085-9
"HELICOBACTER PYLORI, UREA BREATH TEST",42358-2
"ALPHA FETOPROTEIN, TUMOR MARKER",83073-7
"HELICOBACTERPYLORI,UREABREATHTEST",42358-2
HELMET CELLS,10374-7
HEMOGLOBIN A,4546-8
HEMOGLOBIN A1,4548-4
Hemoglobin A1c,4548-4
hemoglobin A1C ,17856-6
hemoglobin A1C  ,4548-4
Hemoglobin A1c - A,4548-4
Hemoglobin A1C %,4548-4
HEMOGLOBIN A1C (83036),4548-4
"Alpha-1-Antitrypsin, Serum",1825-9
Hemoglobin A1C (Glycohgb),4548-4
HEMOGLOBIN A1c (HGB AIC),4548-4
Hemoglobin A1C (Standardized),4548-4
Hemoglobin A1c * 83036,4548-4
HEMOGLOBIN A1c glycohgb,4548-4
hemoglobin A1C%  ,4548-4
HEMOGLOBIN A1C.,4548-4
Hemoglobin A1c/Hemoglobin.total,4548-4
HEMOGLOBIN A2,28559-3
HEMOGLOBIN A2 (QUANT),42245-1
ALPHA-1-GLOB.(SPEP),2865-4
HEMOGLOBIN GLYCLATED (HGB A1C),4548-4
HEMOGLOBIN GLYCLATED (HGB A1C) (outside lab o,4548-4
HEMOGLOBIN GLYCLATED (HGB A1C) (outside lab order),4548-4
HEMOGLOBIN S,4621-9
HEMOLYSIS,1971-1
"Hep A Ab, IgM",13950-1
"Hep A Ab, Total",53776-1
Hep B Core Ab Total,51914-0
"Hep B Core Ab, IgM",24113-3
"HEP B CORE AB, TOT",13952-7
Alpha-1-Globulin,2865-4
"Hep B Surface Ab, Qual",22322-2
Hep B Surface Ag,5195-3
HEP BE AB,13953-5
Hep C AB,48159-8
Hep C Ab (S/CO RATIO),48159-8
HEP C Ab. (S/CO RATIO),48159-8
Hep C Virus Ab,48159-8
"HEP. A Ab., IgM",13950-1
"HEP. A Ab., TOTAL",13951-9
"HEP. B CORE Ab., IgM",24113-3
"ALPHA-1-GLOBULIN, U",13990-7
HEP. B SURF. Ab.,22322-2
"HEP. B SURF. Ab., QUANT",16935-9
HEP. B SURF. AG,20507-0
HEP. C Ab.,2532-0
HEPATITIS A AB (TOTA,4548-4
HEPATITIS A AB (TOTAL),4548-4
Hepatitis A Ab IgM,13950-1
"HEPATITIS A AB, (IGM",22314-9
"HEPATITIS A AB, IgM",22314-9
HEPATITIS A AB.-IgM,22314-9
ALPHA-1-GLOBULINS,2865-4
HEPATITIS A IGM,13950-1
HEPATITIS A(IGM),13950-1
HEPATITIS B CORE AB (IGM),24113-3
HEPATITIS B CORE AB QL,13952-7
"HEPATITIS B CORE AB, TOTAL",77190-7
"HEPATITIS B CORE AB,IgM",24113-3
HEPATITIS B CORE ABS,5187-0
HEPATITIS B CORE IGM ANTIBODY,22314-9
Hepatitis B Surf Ab Quant,16935-9
"HEPATITIS B SURF. Ab., QUANT.",16935-9
ALPHA-2-GLOB.(SPEP),2868-8
HEPATITIS B SURF. AG.,5196-1
HEPATITIS B SURF.AG.,5196-1
HEPATITIS B SURFACE AB,16935-9
HEPATITIS B SURFACE Ab.,16935-9
HEPATITIS B SURFACE ABS,10900-9
HEPATITIS B VIRUS DNA,48398-2
HEPATITIS BE AB,13953-5
HEPATITIS Be ABS,13953-5
HEPATITIS BE AG,13954-3
HEPATITIS BS AB QL,16935-9
Alpha-2-Globulin,2868-8
HEPATITIS BS ANTIBOD,16935-9
HEPATITIS BS ANTIBODY,16935-9
HEPATITIS C AB QL,48159-8
HEPATITIS C ANTIBODY,22327-1
HEPATITIS C ANTIBODY (HCAb 86803),22327-1
Hepatitis C Quantitation,11011-4
Heroin Metabolite,3426-4
Heroin Metabolite - 6-AM,3426-4
Heterophile Ab,31418-7
HGA1C,4548-4
